kmer,coef,direction
cacgaata,-3.208634e-06,infective
atcataac,-3.5623664e-06,infective
agatatct,-3.6200395e-06,infective
ttacgagc,-3.635124e-06,infective
tccggaag,-3.6605002e-06,infective
aagatctt,-3.6623571e-06,infective
cttcagat,-3.7174973e-06,infective
acctggat,-3.7343677e-06,infective
cttcgaac,-3.7378622e-06,infective
aatctgta,-3.7679922e-06,infective
tagatatc,-3.8060537e-06,infective
acttcaga,-3.8449493e-06,infective
gaattcca,-3.881329e-06,infective
tcagtatg,-3.901354e-06,infective
gaaccata,-3.910194e-06,infective
ttaatctg,-3.9239576e-06,infective
ccagagtt,-3.9412266e-06,infective
cttcccag,-3.9735223e-06,infective
tcttacga,-3.9844363e-06,infective
aggacgtc,-4.026163e-06,infective
tagaacat,-4.056042e-06,infective
gagaatct,-4.062815e-06,infective
ccagagat,-4.071038e-06,infective
tacacaac,-4.0967393e-06,infective
cattcgat,-4.0981217e-06,infective
catgaatc,-4.112118e-06,infective
gtatcgat,-4.1214844e-06,infective
aatcctgg,-4.129868e-06,infective
attctata,-4.1302724e-06,infective
ccaggttc,-4.1757207e-06,infective
aaaaaa,-0.0007742819,non-infective
aagaaa,-0.0005896968,non-infective
aaaaat,-0.00058053207,non-infective
gaaaaa,-0.00057723967,non-infective
aacaaa,-0.0005526581,non-infective
aaagaa,-0.0005482777,non-infective
aaaaag,-0.00052992516,non-infective
cgccgc,-0.0005297519,non-infective
gccgcc,-0.000514081,non-infective
taaaaa,-0.00051342376,non-infective
tcgccg,-0.0005097057,non-infective
tttaaa,-0.00049830275,non-infective
ccgccg,-0.00049809087,non-infective
aaaaga,-0.00049634103,non-infective
aaacaa,-0.00049346394,non-infective
ctgctg,-0.00049167103,non-infective
cggcgg,-0.00048523664,non-infective
caaaaa,-0.00048490934,non-infective
caacaa,-0.00047666358,non-infective
ttcttt,-0.00047522888,non-infective
tgatga,-0.00047302086,non-infective
ttgatg,-0.00047276408,non-infective
ttcttc,-0.0004678724,non-infective
tttctt,-0.00046759122,non-infective
gctggt,-0.00046656147,non-infective
aaaaac,-0.00046466885,non-infective
tgaaaa,-0.00046380924,non-infective
ttttat,-0.00046187566,non-infective
gaagaa,-0.00045933097,non-infective
gcggcg,-0.0004552633,non-infective
